"Sepal.Length","Sepal.Width","Petal.Length","Petal.Width","Case.Number","setosa","versicolor","virginica"
5.31480721482076,4.04259983086959,5.85649293665774,1.51364053327125,1,0,0.234,0.766
4.5465955429012,2.73311971798539,1.02840939518064,0.498685896862298,1,1,0,0
5.46783077977598,2.98689987873659,6.56505427435041,0.234957845159806,1,0.468,0.116,0.416
6.93553586872295,2.38895997237414,5.54801548928954,0.566975418874063,1,0.468,0.082,0.45
